distance,noise_rate,decoder,accuracy,balanced_accuracy,precision,recall,f1
3,0.005,Majority baseline,0.8948,0.5,0.0,0.0,0.0
3,0.005,MLP v2,0.96581,0.9579536221956688,0.7764110548851694,0.9480038022813688,0.8536700192595763
3,0.005,PyMatching,0.98113,0.9461310257321134,0.9174161106275989,0.9018060836501901,0.9095441254014669
3,0.01,Majority baseline,0.81358,0.5,0.0,0.0,0.0
3,0.01,MLP v2,0.89126,0.8973619765641205,0.6490864424996161,0.9070915137860744,0.7567011231932698
3,0.01,PyMatching,0.93605,0.889243937951155,0.837848275862069,0.8146121660766013,0.8260668534283461
3,0.02,Majority baseline,0.69297,0.5,0.0,0.0,0.0
3,0.02,MLP v2,0.73058,0.768110579836452,0.5380845332847277,0.8653551770185324,0.6635614385614386
3,0.02,PyMatching,0.81066,0.7720257086317676,0.699535451493676,0.6719213106211119,0.685450377113998
